ordnum,orddetid,custcode,name,Ship to,descr,count size,Condition,variety,Sizes,Label,Order Status,Sum of pallets,Sum of qty,shpDate,deldate,dp,todp,Pallet
1438808,856278,COS263,COSTCO  COLLEGE PARK,COSTCO  COLLEGE PARK,Blueberries,18OZX12,.,SEKO,.,ALP,Open,,1900,4/29/2025 0:00,4/30/2025 0:00,17,1225,19
1438810,856279,COS263,COSTCO  COLLEGE PARK,COSTCO  COLLEGE PARK,Blueberries,18OZX12,.,.,.,ALP,Open,,2400,4/30/2025 0:00,5/1/2025 0:00,17,1225,24
1438813,856296,COS263,COSTCO  COLLEGE PARK,COSTCO  COLLEGE PARK,Blueberries,18OZX12,.,SEKO,.,ALP,Open,,2400,4/29/2025 0:00,5/2/2025 0:00,77,1225,24
1438815,856297,COS263,COSTCO  COLLEGE PARK,COSTCO  COLLEGE PARK,Blueberries,18OZX12,OR,.,.,HIP,Open,,1800,4/30/2025 0:00,5/2/2025 0:00,77,1225,18
1438821,856974,COS172,COSTCO TRACY C/D DEPOT,COSTCO TRACY C/D DEPOT,Blueberries,18OZX12,.,SEKO,.,ALP,Open,,2000,4/28/2025 0:00,5/1/2025 0:00,2,1223,20
1438822,856975,COS172,COSTCO TRACY C/D DEPOT,COSTCO TRACY C/D DEPOT,Blueberries,18OZX12,.,SEKO,.,ALP,Open,,2000,4/29/2025 0:00,5/2/2025 0:00,2,1223,20
1438823,856976,COS172,COSTCO TRACY C/D DEPOT,COSTCO TRACY C/D DEPOT,Blueberries,18OZX12,.,SEKO,.,ALP,Open,,2000,4/30/2025 0:00,5/3/2025 0:00,2,1223,20
1438842,856981,CO1377,COSTCO OWATONNA MN,COSTCO OWATONNA MN,Blueberries,18OZX12,OR,.,.,HIP,Open,,1200,4/28/2025 0:00,5/1/2025 0:00,14,1200,12
1438886,859198,COS172,COSTCO TRACY C/D DEPOT,COSTCO TRACY C/D DEPOT,Blueberries,18OZX12,.,SEKO,.,ALP,Open,,2400,5/1/2025 0:00,5/4/2025 0:00,2,1223,24
1438887,859199,COS172,COSTCO TRACY C/D DEPOT,COSTCO TRACY C/D DEPOT,Blueberries,18OZX12,.,SEKO,.,ALP,Open,,2000,5/2/2025 0:00,5/6/2025 0:00,77,1223,20
1438888,859200,COS172,COSTCO TRACY C/D DEPOT,COSTCO TRACY C/D DEPOT,Blueberries,18OZX12,.,SEKO,.,ALP,Open,,2000,5/3/2025 0:00,5/7/2025 0:00,77,1223,20
1438931,860113,COS263,COSTCO  COLLEGE PARK,COSTCO  COLLEGE PARK,Blueberries,18OZX12,.,SEKO,.,ALP,Open,,1700,5/1/2025 0:00,5/5/2025 0:00,77,1225,17
1438932,860239,COS263,COSTCO  COLLEGE PARK,COSTCO  COLLEGE PARK,Blueberries,18OZX12,.,SEKO,.,ALP,Open,,2000,5/2/2025 0:00,5/6/2025 0:00,77,1225,20
1438933,860240,COS263,COSTCO  COLLEGE PARK,COSTCO  COLLEGE PARK,Blueberries,18OZX12,.,SEKO,.,ALP,Open,,1700,5/3/2025 0:00,5/7/2025 0:00,77,1225,17
1438939,860259,COS263,COSTCO  COLLEGE PARK,COSTCO  COLLEGE PARK,Blueberries,18OZX12,.,SEKO,.,ALP,Open,,300,5/1/2025 0:00,5/5/2025 0:00,77,1225,3
1438940,860260,COS263,COSTCO  COLLEGE PARK,COSTCO  COLLEGE PARK,Blueberries,18OZX12,.,SEKO,.,ALP,Open,,300,5/3/2025 0:00,5/7/2025 0:00,77,1225,3
1438985,861018,COS263,COSTCO  COLLEGE PARK,COSTCO  COLLEGE PARK,Blueberries,18OZX12,OR,.,.,HIP,Open,,800,5/2/2025 0:00,5/5/2025 0:00,77,1225,8
1438986,861019,COS263,COSTCO  COLLEGE PARK,COSTCO  COLLEGE PARK,Blueberries,18OZX12,OR,.,.,HIP,Open,,800,5/3/2025 0:00,5/7/2025 0:00,77,1225,8
1438987,861020,CO1377,COSTCO OWATONNA MN,COSTCO OWATONNA MN,Blueberries,18OZX12,OR,.,.,HIP,Open,,1400,5/1/2025 0:00,5/5/2025 0:00,77,1200,14
1505826,857855,CHRBRH,"BURRIS ROCKY HILLl,CT","BURRIS ROCKY HILLl,CT",Blueberries,18OZX8,.,.,.,ALP,Open,,1008,4/30/2025 0:00,4/30/2025 0:00,12,1184,7
1505826,857856,CHRBRH,"BURRIS ROCKY HILLl,CT","BURRIS ROCKY HILLl,CT",Blueberries,DRYPINTX12,OR,.,.,ALP,Open,,408,4/30/2025 0:00,4/30/2025 0:00,12,1184,2.8
1505828,857859,ROBFRE,ROBINSON FRESH,ROBINSON FRESH,Blueberries,18OZX8,.,.,.,ALP,Open,,288,4/29/2025 0:00,4/29/2025 0:00,12,1691,2
1505831,857865,CHRBRH,"BURRIS ROCKY HILLl,CT","BURRIS ROCKY HILLl,CT",Blueberries,DRYPINTX12,OR,.,.,HIP,Open,,204,4/30/2025 0:00,4/30/2025 0:00,1,1184,1.4
1505838,861572,CHRBRH,"BURRIS ROCKY HILLl,CT","BURRIS ROCKY HILLl,CT",Blueberries,18OZX8,.,.,.,ALP,Open,,2736,5/2/2025 0:00,5/2/2025 0:00,77,1184,19
1505838,861574,CHRBRH,"BURRIS ROCKY HILLl,CT","BURRIS ROCKY HILLl,CT",Blueberries,DRYPINTX12,OR,.,.,ALP,Open,,408,5/2/2025 0:00,5/2/2025 0:00,77,1184,2.8
1505841,861585,ROBFRE,ROBINSON FRESH,ROBINSON FRESH,Blueberries,18OZX8,.,.,.,ALP,Open,,864,5/1/2025 0:00,5/1/2025 0:00,77,1691,6
1505843,861589,CHRCPD,"BURRIS ORLAND, FL","BURRIS ORLAND, FL",Blueberries,DRYPINTX12,OR,.,.,ALP,Open,,204,5/2/2025 0:00,5/2/2025 0:00,1,1185,1.4
1505847,861134,SOUSPE,SOUTHERN SPECIALTIES INC.,SOUTHERN SPECIALTIES INC.,Blueberries,6OZX12,.,.,.,ALP,Open,,1920,4/28/2025 0:00,4/28/2025 0:00,1,1761,8
1505852,862446,CHRBRH,"BURRIS ROCKY HILLl,CT","BURRIS ROCKY HILLl,CT",Blueberries,18OZX8,.,.,.,ALP,Open,,2160,4/29/2025 0:00,4/29/2025 0:00,12,1184,15
1505852,862447,CHRBRH,"BURRIS ROCKY HILLl,CT","BURRIS ROCKY HILLl,CT",Blueberries,DRYPINTX12,OR,.,.,ALP,Open,,408,4/29/2025 0:00,4/29/2025 0:00,12,1184,2.8
1616351,858182,COS572,572 - VAUGHAN DEPOT,572 - VAUGHAN DEPOT,Blueberries,18OZX12,.,SEKO,.,ALP,Open,,800,4/29/2025 0:00,4/30/2025 0:00,12,1232,8
1616352,858183,COS572,572 - VAUGHAN DEPOT,572 - VAUGHAN DEPOT,Blueberries,18OZX12,.,SEKO,.,ALP,Open,,1200,4/28/2025 0:00,5/2/2025 0:00,2,1232,12
1616393,861456,COS572,572 - VAUGHAN DEPOT,572 - VAUGHAN DEPOT,Blueberries,18OZX12,.,SEKO,.,ALP,Open,,800,5/2/2025 0:00,5/5/2025 0:00,77,1232,8
1722620,855603,SAFEDA,DALLAS PRODUCE,DALLAS PRODUCE,Blueberries,6OZX12,.,.,.,ALP,Open,,960,4/30/2025 0:00,5/1/2025 0:00,2,1707,4
1722635,858383,SAFEAU,AUBURN PRODUCE,AUBURN PRODUCE,Blueberries,18OZX12,.,.,.,ALP,Open,,1000,4/29/2025 0:00,5/2/2025 0:00,2,1704,10
1722671,859208,SAFEDE,SAFEWAY STORES (DENVER),SAFEWAY STORES (DENVER),Blueberries,6OZX12,.,.,.,ALP,Open,,480,4/29/2025 0:00,4/30/2025 0:00,2,1708,2
1722673,859215,SAFEDE,SAFEWAY STORES (DENVER),SAFEWAY STORES (DENVER),Blueberries,18OZX12,.,.,.,ALP,Open,,400,4/30/2025 0:00,5/2/2025 0:00,2,1708,4
1722673,859216,SAFEDE,SAFEWAY STORES (DENVER),SAFEWAY STORES (DENVER),Blueberries,6OZX12,.,.,.,ALP,Open,,720,4/30/2025 0:00,5/2/2025 0:00,2,1708,3
1722674,860774,PUBDER,PUBLIX (DEERFIELD),PUBLIX (DEERFIELD),Blueberries,DRYPINTX12,OR,.,.,HIP,Open,,1152,5/1/2025 0:00,5/3/2025 0:00,14,1662,8
1722675,860776,PUBDER,PUBLIX (DEERFIELD),PUBLIX (DEERFIELD),Blueberries,DRYPINTX12,OR,.,.,HIP,Open,,1152,4/28/2025 0:00,5/1/2025 0:00,14,1662,8
1722676,860778,PUBORL,PUBLIX ORLANDO,PUBLIX ORLANDO,Blueberries,DRYPINTX12,OR,.,.,HIP,Open,,720,4/28/2025 0:00,5/1/2025 0:00,14,1667,5
1722683,860790,PUBDER,PUBLIX (DEERFIELD),PUBLIX (DEERFIELD),Blueberries,DRYPINTX12,.,SEKO,.,ALP,Open,,2016,4/30/2025 0:00,5/1/2025 0:00,27,1662,14
1722684,860792,PUBDER,PUBLIX (DEERFIELD),PUBLIX (DEERFIELD),Blueberries,DRYPINTX12,.,SEKO,.,ALP,Open,,4080,5/1/2025 0:00,5/3/2025 0:00,77,1662,28.3
1722686,859251,HEBSAN,HEB SAN ANTONIO,HEB SAN ANTONIO,Blueberries,9.8OZX12,.,.,21+,AJB,Open,,1008,4/30/2025 0:00,5/1/2025 0:00,2,1408,4.9
1722689,859259,HEBSAN,HEB SAN ANTONIO,HEB SAN ANTONIO,Blueberries,18OZX8,.,.,.,FSH,Open,,1152,4/29/2025 0:00,5/1/2025 0:00,77,1408,8
1722689,859260,HEBSAN,HEB SAN ANTONIO,HEB SAN ANTONIO,Blueberries,DRYPINTX12,.,.,.,FSH,Open,,1440,4/29/2025 0:00,5/1/2025 0:00,77,1408,10
1722719,861727,SAFESP,SAFEWAY SPOKANE,SAFEWAY SPOKANE,Blueberries,18OZX12,.,.,.,ALP,Open,,300,4/29/2025 0:00,5/2/2025 0:00,2,1712,3
1722719,861728,SAFESP,SAFEWAY SPOKANE,SAFEWAY SPOKANE,Blueberries,6OZX12,.,.,.,ALP,Open,,120,4/29/2025 0:00,5/2/2025 0:00,2,1712,0.5
1722720,861730,SAFANC,Safeway Anchorage,Safeway Anchorage,Blueberries,18OZX12,.,.,.,ALP,Open,,50,4/29/2025 0:00,5/2/2025 0:00,2,1702,0.5
1722720,861731,SAFANC,Safeway Anchorage,Safeway Anchorage,Blueberries,6OZX12,.,.,.,ALP,Open,,60,4/29/2025 0:00,5/2/2025 0:00,2,1702,0.3
1722721,861733,SAFANC,Safeway Anchorage,Safeway Anchorage,Blueberries,18OZX12,.,.,.,ALP,Open,,150,4/30/2025 0:00,5/4/2025 0:00,2,1702,1.5
1722721,861734,SAFANC,Safeway Anchorage,Safeway Anchorage,Blueberries,6OZX12,.,.,.,ALP,Open,,60,4/30/2025 0:00,5/4/2025 0:00,2,1702,0.3
1722722,861736,SAFESP,SAFEWAY SPOKANE,SAFEWAY SPOKANE,Blueberries,18OZX12,.,.,.,ALP,Open,,100,4/30/2025 0:00,5/4/2025 0:00,2,1712,1
1722722,861737,SAFESP,SAFEWAY SPOKANE,SAFEWAY SPOKANE,Blueberries,6OZX12,.,.,.,ALP,Open,,240,4/30/2025 0:00,5/4/2025 0:00,2,1712,1
1722723,861744,SAFESP,SAFEWAY SPOKANE,SAFEWAY SPOKANE,Blueberries,18OZX12,.,.,.,ALP,Open,,150,5/3/2025 0:00,5/7/2025 0:00,2,1712,1.5
1722723,861745,SAFESP,SAFEWAY SPOKANE,SAFEWAY SPOKANE,Blueberries,6OZX12,.,.,.,ALP,Open,,240,5/3/2025 0:00,5/7/2025 0:00,2,1712,1
1722724,861747,SAFANC,Safeway Anchorage,Safeway Anchorage,Blueberries,18OZX12,.,.,.,ALP,Open,,150,5/3/2025 0:00,5/7/2025 0:00,2,1702,1.5
1722724,861748,SAFANC,Safeway Anchorage,Safeway Anchorage,Blueberries,6OZX12,.,.,.,ALP,Open,,60,5/3/2025 0:00,5/7/2025 0:00,2,1702,0.3
1722748,862592,HEBSAN,HEB SAN ANTONIO,HEB SAN ANTONIO,Blueberries,18OZX8,.,.,.,FSH,Open,,720,5/4/2025 0:00,5/5/2025 0:00,2,1408,5
1722748,862591,HEBSAN,HEB SAN ANTONIO,HEB SAN ANTONIO,Blueberries,9.8OZX12,.,.,21+,AJB,Open,,1296,5/4/2025 0:00,5/5/2025 0:00,2,1408,6.4
1722749,862594,HEBSAN,HEB SAN ANTONIO,HEB SAN ANTONIO,Blueberries,18OZX8,OR,.,.,HIP,Open,,288,5/1/2025 0:00,5/5/2025 0:00,77,1408,2
1722749,862595,HEBSAN,HEB SAN ANTONIO,HEB SAN ANTONIO,Blueberries,DRYPINTX12,OR,.,.,HIP,Open,,432,5/1/2025 0:00,5/5/2025 0:00,77,1408,3
1722750,862598,HEBSAN,HEB SAN ANTONIO,HEB SAN ANTONIO,Blueberries,18OZX8,OR,.,.,HIP,Open,,288,5/3/2025 0:00,5/7/2025 0:00,77,1408,2
1722750,862597,HEBSAN,HEB SAN ANTONIO,HEB SAN ANTONIO,Blueberries,DRYPINTX12,OR,.,.,HIP,Open,,576,5/3/2025 0:00,5/7/2025 0:00,77,1408,4
1822031,853025,WALGFS,"WALMART STORES, INC","WALMART DC 7015 OCHELATA, OK",Blueberries,18OZX8,.,.,.,ALP,Open,1,144,4/14/2025 0:00,4/17/2025 0:00,17,1900,1
1822200,858858,WHOLEF,WHOLE FOODS INC.,WHOLE FOODS SOUTH DISTRIBUTION,Blueberries,9.8OZX12,.,SEKO,JBO,ALP,Open,,100,4/29/2025 0:00,4/30/2025 0:00,1,1936,1
1822200,858859,WHOLEF,WHOLE FOODS INC.,WHOLE FOODS SOUTH DISTRIBUTION,Blueberries,DRYPINTX12,OR,.,.,HIP,Open,,100,4/29/2025 0:00,4/30/2025 0:00,1,1936,1
1822240,860717,WALGFS,"WALMART STORES, INC","WALMART DC 6042 PAULS VALLEY, OK",Blueberries,18OZX8,.,.,.,ALP,Open,,1152,4/28/2025 0:00,5/1/2025 0:00,2,1872,8
1822240,860718,WALGFS,"WALMART STORES, INC","WALMART DC 6042 PAULS VALLEY, OK",Blueberries,DRYPINTX12,.,.,.,ALP,Open,,900,4/28/2025 0:00,5/1/2025 0:00,2,1872,6.3
1822241,860721,WALGFS,"WALMART STORES, INC","WALMART DC 7015 OCHELATA, OK",Blueberries,18OZX8,.,.,.,ALP,Open,,720,4/28/2025 0:00,5/2/2025 0:00,2,1900,5
1822241,860720,WALGFS,"WALMART STORES, INC","WALMART DC 7015 OCHELATA, OK",Blueberries,DRYPINTX12,.,.,.,ALP,Open,,900,4/28/2025 0:00,5/2/2025 0:00,2,1900,6.3
1822247,860736,WALGFS,"WALMART STORES, INC","WALMART DC 6042 PAULS VALLEY, OK",Blueberries,DRYPINTX12,OR,.,.,HIP,Open,,432,4/28/2025 0:00,5/1/2025 0:00,77,1872,3
1822253,860674,WHOLEF,WHOLE FOODS INC.,WHOLE FOODS SOUTH DISTRIBUTION,Blueberries,9.8OZX12,.,SEKO,JBO,ALP,Open,,468,5/1/2025 0:00,5/3/2025 0:00,77,1936,2.3
1822307,861947,WALGFS,"WALMART STORES, INC","WALMART DC 6042 PAULS VALLEY, OK",Blueberries,18OZX8,.,.,.,ALP,Open,,1008,5/1/2025 0:00,5/4/2025 0:00,77,1872,7
1822307,861948,WALGFS,"WALMART STORES, INC","WALMART DC 6042 PAULS VALLEY, OK",Blueberries,DRYPINTX12,.,.,.,ALP,Open,,540,5/1/2025 0:00,5/4/2025 0:00,77,1872,3.8
1822308,861951,WALGFS,"WALMART STORES, INC","WALMART DC 7015 OCHELATA, OK",Blueberries,18OZX8,.,.,.,ALP,Open,,1296,5/1/2025 0:00,5/4/2025 0:00,77,1900,9
1822308,861950,WALGFS,"WALMART STORES, INC","WALMART DC 7015 OCHELATA, OK",Blueberries,DRYPINTX12,.,.,.,ALP,Open,,540,5/1/2025 0:00,5/4/2025 0:00,77,1900,3.8
1822311,861996,WALGFS,"WALMART STORES, INC","WALMART DC 7015 OCHELATA, OK",Blueberries,DRYPINTX12,OR,.,.,HIP,Open,,576,5/3/2025 0:00,5/5/2025 0:00,1,1900,4
1822312,861998,WALGFS,"WALMART STORES, INC","WALMART DC 6042 PAULS VALLEY, OK",Blueberries,DRYPINTX12,OR,.,.,HIP,Open,,288,5/3/2025 0:00,5/5/2025 0:00,1,1872,2
1822315,863565,WAFNEW,WAKE FERN NEWWARK DC,WAKE FERN NEWWARK DC,Blueberries,DRYPINTX12,.,.,.,ALP,Open,,1008,4/29/2025 0:00,4/29/2025 0:00,77,1916,7
1822316,863566,WAFEFO,WAKE FERN FOODS,WAKE FERN FOODS,Blueberries,DRYPINTX12,.,.,.,ALP,Open,,1008,4/29/2025 0:00,4/29/2025 0:00,77,1915,7
1927063,853537,ALDVAL,ALDI VALPARAISO,ALDI VALPARAISO,Blueberries,9.8OZX12,.,SEKO,JBO,ALP,Open,,432,4/29/2025 0:00,5/2/2025 0:00,1,1062,2.1
1927092,855900,ALDSPR,ALDI SPRINGFIELD,ALDI SPRINGFIELD,Blueberries,9.8OZX12,.,SEKO,JBO,ALP,Open,,504,4/29/2025 0:00,5/1/2025 0:00,1,1059,2.5
1927178,860092,HARIND,HARRIS TEETER - INDIAN TRAIL,HARRIS TEETER - INDIAN TRAIL,Blueberries,18OZX12,.,.,.,ALP,Open,,300,4/28/2025 0:00,4/30/2025 0:00,29,1401,3
1927179,860094,HARIND,HARRIS TEETER - INDIAN TRAIL,HARRIS TEETER - INDIAN TRAIL,Blueberries,18OZX12,.,.,.,ALP,Open,,150,4/30/2025 0:00,5/2/2025 0:00,77,1401,1.5
1927181,860102,HARGRE,HARRIS TEETER GREENSBORO,HARRIS TEETER GREENSBORO,Blueberries,18OZX12,.,.,.,ALP,Open,,300,4/28/2025 0:00,4/30/2025 0:00,29,1399,3
1927182,860103,HARGRE,HARRIS TEETER GREENSBORO,HARRIS TEETER GREENSBORO,Blueberries,18OZX12,.,.,.,ALP,Open,,300,4/30/2025 0:00,5/2/2025 0:00,77,1399,3
1927193,860038,SPRCO,SPROUTS AURORA,SPROUTS AURORA,Blueberries,18OZX8,.,.,.,ALP,Open,,144,4/29/2025 0:00,5/1/2025 0:00,2,1771,1
1927193,860039,SPRCO,SPROUTS AURORA,SPROUTS AURORA,Blueberries,6OZX12,.,.,.,ALP,Open,,240,4/29/2025 0:00,5/1/2025 0:00,2,1771,1
1927193,860042,SPRCO,SPROUTS AURORA,SPROUTS AURORA,Blueberries,DRYPINTX12,OR,.,.,HIP,Open,,432,4/29/2025 0:00,5/1/2025 0:00,2,1771,3
1927194,860045,SPRCO,SPROUTS AURORA,SPROUTS AURORA,Blueberries,18OZX8,.,.,.,ALP,Open,,216,4/30/2025 0:00,5/3/2025 0:00,2,1771,1.5
1927194,860046,SPRCO,SPROUTS AURORA,SPROUTS AURORA,Blueberries,6OZX12,.,.,.,ALP,Open,,240,4/30/2025 0:00,5/3/2025 0:00,2,1771,1
1927194,860049,SPRCO,SPROUTS AURORA,SPROUTS AURORA,Blueberries,DRYPINTX12,OR,.,.,HIP,Open,,432,4/30/2025 0:00,5/3/2025 0:00,2,1771,3
1927207,861676,ALDSPR,ALDI SPRINGFIELD,ALDI SPRINGFIELD,Blueberries,9.8OZX12,.,SEKO,JBO,ALP,Open,,288,5/2/2025 0:00,5/5/2025 0:00,1,1059,1.4
1927208,861677,ALDMOR,ALDI MORENO VALLEY,ALDI MORENO VALLEY,Blueberries,9.8OZX12,.,SEKO,18+,AJB,Open,,432,4/28/2025 0:00,5/2/2025 0:00,2,1049,2.1
1927209,859820,SOBEQU,Sobeys Quebec INC OPCO,Sobeys Quebec INC OPCO,Blueberries,6OZX12,.,.,.,ALP,Open,,3360,4/30/2025 0:00,5/2/2025 0:00,4,1747,14
1927210,859823,SOBEQU,Sobeys Quebec INC OPCO,Sobeys Quebec INC OPCO,Blueberries,6OZX12,.,.,.,ALP,Open,,3360,4/30/2025 0:00,5/2/2025 0:00,4,1747,14
1927211,859824,SOBWHI,SOBEYS - WHITBY,SOBEYS - WHITBY,Blueberries,6OZX12,.,.,.,ALP,Open,,6240,5/3/2025 0:00,5/6/2025 0:00,4,1755,26
1927216,862236,ALDLOX,ALDI LOXLEY,ALDI LOXLEY,Blueberries,9.8OZX12,.,SEKO,18+,AJB,Open,,432,5/1/2025 0:00,5/1/2025 0:00,1,1048,2.1
1927217,862243,ALDLOX,ALDI LOXLEY,ALDI LOXLEY,Blueberries,9.8OZX12,.,SEKO,18+,AJB,Open,,144,4/29/2025 0:00,4/29/2025 0:00,1,1048,0.7
1927218,862246,ALDROY,ALDI ROYAL PALM BEACH,ALDI ROYAL PALM BEACH,Blueberries,9.8OZX12,.,SEKO,18+,AJB,Open,,288,4/28/2025 0:00,4/28/2025 0:00,27,1056,1.4
1927219,862973,ALDMOR,ALDI MORENO VALLEY,ALDI MORENO VALLEY,Blueberries,9.8OZX12,.,SEKO,18+,AJB,Open,,288,5/2/2025 0:00,5/6/2025 0:00,2,1049,1.4
1927220,862976,ALDHAI,ALDI HAINES CITY,ALDI HAINES CITY,Blueberries,9.8OZX12,.,SEKO,JBO,ALP,Open,,432,4/28/2025 0:00,4/28/2025 0:00,27,1041,2.1
1927225,862141,SPRORL,SPROUTS ORLANDO,SPROUTS ORLANDO,Blueberries,18OZX8,.,.,.,ALP,Open,,288,4/29/2025 0:00,4/30/2025 0:00,1,1774,2
1927226,862664,ALDHAI,ALDI HAINES CITY,ALDI HAINES CITY,Blueberries,9.8OZX12,.,SEKO,JBO,ALP,Open,,432,4/30/2025 0:00,4/30/2025 0:00,1,1041,2.1
1927232,862771,SPRORL,SPROUTS ORLANDO,SPROUTS ORLANDO,Blueberries,18OZX8,.,.,.,ALP,Open,,288,5/1/2025 0:00,5/2/2025 0:00,1,1774,2
1927233,862777,SPRORL,SPROUTS ORLANDO,SPROUTS ORLANDO,Blueberries,18OZX8,.,.,.,ALP,Open,,288,5/3/2025 0:00,5/4/2025 0:00,1,1774,2
1927234,862781,SPRORL,SPROUTS ORLANDO,SPROUTS ORLANDO,Blueberries,DRYPINTX12,OR,.,.,HIP,Open,,432,5/4/2025 0:00,5/5/2025 0:00,1,1774,3
1927242,862794,SPRCO,SPROUTS AURORA,SPROUTS AURORA,Blueberries,18OZX8,.,.,.,ALP,Open,,144,5/2/2025 0:00,5/6/2025 0:00,2,1771,1
1927242,862795,SPRCO,SPROUTS AURORA,SPROUTS AURORA,Blueberries,6OZX12,.,.,.,ALP,Open,,180,5/2/2025 0:00,5/6/2025 0:00,2,1771,0.8
1927242,862798,SPRCO,SPROUTS AURORA,SPROUTS AURORA,Blueberries,DRYPINTX12,OR,.,.,HIP,Open,,432,5/2/2025 0:00,5/6/2025 0:00,2,1771,3
1927243,862680,ALDBAT,ALDI BATAVIA,ALDI BATAVIA,Blueberries,9.8OZX12,.,SEKO,18+,AJB,Open,6,864,4/28/2025 0:00,5/2/2025 0:00,2,1035,4.2
2024274,853010,FRETWN,STOP & SHOP FREETOWN,STOP & SHOP FREETOWN,Blueberries,18OZX8,.,.,.,ALP,Open,,1008,4/22/2025 0:00,4/24/2025 0:00,17,1339,7
2024274,853009,FRETWN,STOP & SHOP FREETOWN,STOP & SHOP FREETOWN,Blueberries,DRYPINTX12,.,.,.,ALP,Open,,1728,4/22/2025 0:00,4/24/2025 0:00,17,1339,12
2024335,857351,SSCHES,STOP & SHOP CHESTER,STOP & SHOP CHESTER,Blueberries,18OZX8,.,.,.,ALP,Open,6,864,4/29/2025 0:00,5/1/2025 0:00,17,1777,6
2024336,857353,SSCHES,STOP & SHOP CHESTER,STOP & SHOP CHESTER,Blueberries,18OZX8,.,.,.,ALP,Open,6,864,4/30/2025 0:00,5/3/2025 0:00,77,1777,6
2024336,857354,SSCHES,STOP & SHOP CHESTER,STOP & SHOP CHESTER,Blueberries,DRYPINTX12,.,.,.,ALP,Open,14,2016,4/30/2025 0:00,5/3/2025 0:00,77,1777,14
2024337,857357,SSCHES,STOP & SHOP CHESTER,STOP & SHOP CHESTER,Blueberries,18OZX8,.,.,.,ALP,Open,6,864,4/29/2025 0:00,4/30/2025 0:00,17,1777,6
2024337,857356,SSCHES,STOP & SHOP CHESTER,STOP & SHOP CHESTER,Blueberries,DRYPINTX12,.,.,.,ALP,Open,14,2016,4/29/2025 0:00,4/30/2025 0:00,17,1777,14
2024338,857369,FRETWN,STOP & SHOP FREETOWN,STOP & SHOP FREETOWN,Blueberries,18OZX8,.,.,.,ALP,Open,10,1440,4/30/2025 0:00,5/3/2025 0:00,77,1339,10
2024339,857371,FRETWN,STOP & SHOP FREETOWN,STOP & SHOP FREETOWN,Blueberries,18OZX8,.,.,.,ALP,Open,6,864,4/28/2025 0:00,4/30/2025 0:00,4,1339,6
2024339,857372,FRETWN,STOP & SHOP FREETOWN,STOP & SHOP FREETOWN,Blueberries,DRYPINTX12,.,.,.,ALP,Open,14,2016,4/28/2025 0:00,4/30/2025 0:00,4,1339,14
2024341,857376,FRETWN,STOP & SHOP FREETOWN,STOP & SHOP FREETOWN,Blueberries,9.8OZX12,.,.,18+,AJB,Open,2,408,4/30/2025 0:00,5/3/2025 0:00,77,1339,2
2024342,857378,SSCHES,STOP & SHOP CHESTER,STOP & SHOP CHESTER,Blueberries,9.8OZX12,.,.,18+,AJB,Open,6,1224,4/29/2025 0:00,5/2/2025 0:00,77,1777,6
2024343,857380,FRETWN,STOP & SHOP FREETOWN,STOP & SHOP FREETOWN,Blueberries,9.8OZX12,.,SEKO,18+,AJB,Open,5,1020,4/27/2025 0:00,4/30/2025 0:00,2,1339,5
2024344,857382,SSCHES,STOP & SHOP CHESTER,STOP & SHOP CHESTER,Blueberries,9.8OZX12,.,.,18+,AJB,Open,2,408,5/2/2025 0:00,5/5/2025 0:00,77,1777,2
2024350,857530,SSCHES,STOP & SHOP CHESTER,STOP & SHOP CHESTER,Blueberries,DRYPINTX12,.,.,.,ALP,Open,28,4032,4/28/2025 0:00,4/29/2025 0:00,17,1777,28
2024377,860840,LIDLPE,LIDL PERRYVILLE,LIDL PERRYVILLE,Blueberries,DRYPINTX12,OR,.,.,HIP,Open,1,144,4/28/2025 0:00,5/1/2025 0:00,1,1533,1
2024378,859643,LIDLPE,LIDL PERRYVILLE,LIDL PERRYVILLE,Blueberries,DRYPINTX12,OR,.,.,HIP,Open,1,144,4/30/2025 0:00,5/3/2025 0:00,1,1533,1
2024382,861287,LIDLVA,LIDL US FREDERICKSBURG DC,LIDL US FREDERICKSBURG DC,Blueberries,DRYPINTX12,OR,.,.,HIP,Open,1,144,4/30/2025 0:00,5/3/2025 0:00,1,1538,1
2024385,861326,LIDLNC,LIDL US GRAHAM DC,LIDL US GRAHAM DC,Blueberries,DRYPINTX12,OR,.,.,HIP,Open,0.5,72,4/28/2025 0:00,5/1/2025 0:00,1,1530,0.5
2024386,861400,LIDLNC,LIDL US GRAHAM DC,LIDL US GRAHAM DC,Blueberries,DRYPINTX12,OR,.,.,HIP,Open,0.5,72,4/30/2025 0:00,5/3/2025 0:00,1,1530,0.5
2024387,859551,TOASIN,TOPCO ASSOCIATED INC.,Affiliated Foods,Blueberries,6OZX12,.,.,.,B&B,Open,,480,4/29/2025 0:00,5/2/2025 0:00,77,1012,2
2024387,859550,TOASIN,TOPCO ASSOCIATED INC.,Affiliated Foods,Blueberries,DRYPINTX12,.,.,.,B&B,Open,,576,4/29/2025 0:00,5/2/2025 0:00,77,1012,4
2024388,859558,TOASIN,TOPCO ASSOCIATED INC.,Affiliated Foods,Blueberries,6OZX12,.,.,.,ALP,Open,,480,4/28/2025 0:00,4/30/2025 0:00,2,1012,2
2024388,859557,TOASIN,TOPCO ASSOCIATED INC.,Affiliated Foods,Blueberries,DRYPINTX12,.,.,.,ALP,Open,,432,4/28/2025 0:00,4/30/2025 0:00,2,1012,3
2024399,860861,FRETWN,STOP & SHOP FREETOWN,STOP & SHOP FREETOWN,Blueberries,9.8OZX12,.,.,18+,AJB,Open,2,408,5/3/2025 0:00,5/6/2025 0:00,77,1339,2
2024408,861780,LIDLPE,LIDL PERRYVILLE,LIDL PERRYVILLE,Blueberries,18OZX12,.,.,.,ALP,Open,1,100,4/29/2025 0:00,4/30/2025 0:00,4,1533,1
2024408,861779,LIDLPE,LIDL PERRYVILLE,LIDL PERRYVILLE,Blueberries,DRYPINTX12,.,.,.,ALP,Open,1,144,4/29/2025 0:00,4/30/2025 0:00,4,1533,1
2024409,861782,LIDLVA,LIDL US FREDERICKSBURG DC,LIDL US FREDERICKSBURG DC,Blueberries,18OZX12,.,.,.,ALP,Open,3,300,4/29/2025 0:00,4/30/2025 0:00,4,1538,3
2024409,861781,LIDLVA,LIDL US FREDERICKSBURG DC,LIDL US FREDERICKSBURG DC,Blueberries,DRYPINTX12,.,.,.,ALP,Open,0.5,72,4/29/2025 0:00,4/30/2025 0:00,4,1538,0.5
2024410,861793,LIDLNC,LIDL US GRAHAM DC,LIDL US GRAHAM DC,Blueberries,18OZX12,.,.,.,ALP,Open,3,300,4/29/2025 0:00,4/30/2025 0:00,4,1530,3
2024410,861792,LIDLNC,LIDL US GRAHAM DC,LIDL US GRAHAM DC,Blueberries,DRYPINTX12,.,.,.,ALP,Open,0.5,72,4/29/2025 0:00,4/30/2025 0:00,4,1530,0.5
2024411,861795,LIDLPE,LIDL PERRYVILLE,LIDL PERRYVILLE,Blueberries,18OZX12,.,.,.,ALP,Open,2,200,4/29/2025 0:00,5/1/2025 0:00,17,1533,2
2024411,861794,LIDLPE,LIDL PERRYVILLE,LIDL PERRYVILLE,Blueberries,DRYPINTX12,.,.,.,ALP,Open,2.5,360,4/29/2025 0:00,5/1/2025 0:00,17,1533,2.5
2024412,861797,LIDLVA,LIDL US FREDERICKSBURG DC,LIDL US FREDERICKSBURG DC,Blueberries,18OZX12,.,.,.,ALP,Open,3,300,4/29/2025 0:00,5/1/2025 0:00,17,1538,3
2024412,861796,LIDLVA,LIDL US FREDERICKSBURG DC,LIDL US FREDERICKSBURG DC,Blueberries,DRYPINTX12,.,.,.,ALP,Open,2,288,4/29/2025 0:00,5/1/2025 0:00,17,1538,2
2024413,861799,LIDLNC,LIDL US GRAHAM DC,LIDL US GRAHAM DC,Blueberries,18OZX12,.,.,.,ALP,Open,2,200,4/29/2025 0:00,5/1/2025 0:00,17,1530,2
2024413,861798,LIDLNC,LIDL US GRAHAM DC,LIDL US GRAHAM DC,Blueberries,DRYPINTX12,.,.,.,ALP,Open,1,144,4/29/2025 0:00,5/1/2025 0:00,17,1530,1
2024414,861952,PRO*AC,PRO*ACT,PRO*ACT,Blueberries,6OZX12,.,.,.,ALP,Open,,480,4/28/2025 0:00,4/28/2025 0:00,17,1647,2
2024415,861801,LIDLPE,LIDL PERRYVILLE,LIDL PERRYVILLE,Blueberries,18OZX12,.,.,.,ALP,Open,3,300,5/1/2025 0:00,5/3/2025 0:00,17,1533,3
2024415,861800,LIDLPE,LIDL PERRYVILLE,LIDL PERRYVILLE,Blueberries,DRYPINTX12,.,.,.,ALP,Open,2,288,5/1/2025 0:00,5/3/2025 0:00,17,1533,2
2024416,861803,LIDLVA,LIDL US FREDERICKSBURG DC,LIDL US FREDERICKSBURG DC,Blueberries,18OZX12,.,.,.,ALP,Open,2,200,5/1/2025 0:00,5/3/2025 0:00,17,1538,2
2024416,861802,LIDLVA,LIDL US FREDERICKSBURG DC,LIDL US FREDERICKSBURG DC,Blueberries,DRYPINTX12,.,.,.,ALP,Open,1.5,216,5/1/2025 0:00,5/3/2025 0:00,17,1538,1.5
2024417,861805,LIDLNC,LIDL US GRAHAM DC,LIDL US GRAHAM DC,Blueberries,18OZX12,.,.,.,ALP,Open,1,100,5/1/2025 0:00,5/3/2025 0:00,17,1530,1
2024417,861804,LIDLNC,LIDL US GRAHAM DC,LIDL US GRAHAM DC,Blueberries,DRYPINTX12,.,.,.,ALP,Open,1,144,5/1/2025 0:00,5/3/2025 0:00,17,1530,1
2024419,861959,WEGMAN,WEGMANS FOOD MARKET HOME OFFICE,WEGMANS FOOD MARKET HOME OFFICE,Blueberries,18OZX12,OR,.,.,HIP,Open,,400,4/29/2025 0:00,4/30/2025 0:00,14,1921,4
2024419,861958,WEGMAN,WEGMANS FOOD MARKET HOME OFFICE,WEGMANS FOOD MARKET HOME OFFICE,Blueberries,DRYPINTX12,OR,.,.,HIP,Open,,432,4/29/2025 0:00,4/30/2025 0:00,14,1921,3
2024420,861961,WEGMAN,WEGMANS FOOD MARKET HOME OFFICE,WEGMANS FOOD MARKET VIRGINIA,Blueberries,18OZX12,.,SEKO,.,ALP,Open,,600,4/29/2025 0:00,4/30/2025 0:00,27,1991,6
2024420,861960,WEGMAN,WEGMANS FOOD MARKET HOME OFFICE,WEGMANS FOOD MARKET VIRGINIA,Blueberries,DRYPINTX12,.,SEKO,.,ALP,Open,,576,4/29/2025 0:00,4/30/2025 0:00,27,1991,4
2024421,861962,WEGMAN,WEGMANS FOOD MARKET HOME OFFICE,WEGMANS FOOD MARKET,Blueberries,18OZX12,OR,.,.,HIP,Open,,600,4/29/2025 0:00,4/30/2025 0:00,14,1922,6
2024421,861963,WEGMAN,WEGMANS FOOD MARKET HOME OFFICE,WEGMANS FOOD MARKET,Blueberries,DRYPINTX12,OR,.,.,HIP,Open,,288,4/29/2025 0:00,4/30/2025 0:00,14,1922,2
2024422,861964,WEGMAN,WEGMANS FOOD MARKET HOME OFFICE,WEGMANS FOOD MARKET HOME OFFICE,Blueberries,18OZX12,.,SEKO,.,ALP,Open,,200,4/29/2025 0:00,4/30/2025 0:00,29,1921,2
2024422,861965,WEGMAN,WEGMANS FOOD MARKET HOME OFFICE,WEGMANS FOOD MARKET HOME OFFICE,Blueberries,DRYPINTX12,.,SEKO,.,ALP,Open,,576,4/29/2025 0:00,4/30/2025 0:00,29,1921,4
2024423,861967,WEGMAN,WEGMANS FOOD MARKET HOME OFFICE,WEGMANS FOOD MARKET VIRGINIA,Blueberries,18OZX12,OR,.,.,HIP,Open,,200,4/29/2025 0:00,4/30/2025 0:00,14,1991,2
2024423,861966,WEGMAN,WEGMANS FOOD MARKET HOME OFFICE,WEGMANS FOOD MARKET VIRGINIA,Blueberries,DRYPINTX12,OR,.,.,HIP,Open,,432,4/29/2025 0:00,4/30/2025 0:00,14,1991,3
2024424,861968,WEGMAN,WEGMANS FOOD MARKET HOME OFFICE,WEGMANS FOOD MARKET VIRGINIA,Blueberries,18OZX12,OR,.,.,HIP,Open,,300,4/30/2025 0:00,5/2/2025 0:00,77,1991,3
2024424,861969,WEGMAN,WEGMANS FOOD MARKET HOME OFFICE,WEGMANS FOOD MARKET VIRGINIA,Blueberries,DRYPINTX12,OR,.,.,HIP,Open,,432,4/30/2025 0:00,5/2/2025 0:00,77,1991,3
2024425,861971,WEGMAN,WEGMANS FOOD MARKET HOME OFFICE,WEGMANS FOOD MARKET VIRGINIA,Blueberries,18OZX12,.,SEKO,.,ALP,Open,,600,4/30/2025 0:00,5/2/2025 0:00,77,1991,6
2024425,861970,WEGMAN,WEGMANS FOOD MARKET HOME OFFICE,WEGMANS FOOD MARKET VIRGINIA,Blueberries,DRYPINTX12,.,SEKO,.,ALP,Open,,864,4/30/2025 0:00,5/2/2025 0:00,77,1991,6
2024426,862357,WEGMAN,WEGMANS FOOD MARKET HOME OFFICE,WEGMANS FOOD MARKET,Blueberries,18OZX12,.,SEKO,.,ALP,Open,,500,4/30/2025 0:00,5/2/2025 0:00,77,1922,5
2024426,862358,WEGMAN,WEGMANS FOOD MARKET HOME OFFICE,WEGMANS FOOD MARKET,Blueberries,DRYPINTX12,.,SEKO,.,ALP,Open,,1008,4/30/2025 0:00,5/2/2025 0:00,77,1922,7
2024427,862360,WEGMAN,WEGMANS FOOD MARKET HOME OFFICE,WEGMANS FOOD MARKET HOME OFFICE,Blueberries,18OZX12,.,SEKO,.,ALP,Open,,500,4/30/2025 0:00,5/2/2025 0:00,77,1921,5
2024427,862359,WEGMAN,WEGMANS FOOD MARKET HOME OFFICE,WEGMANS FOOD MARKET HOME OFFICE,Blueberries,DRYPINTX12,.,SEKO,.,ALP,Open,,576,4/30/2025 0:00,5/2/2025 0:00,77,1921,4
2024428,862362,WEGMAN,WEGMANS FOOD MARKET HOME OFFICE,WEGMANS FOOD MARKET,Blueberries,18OZX12,OR,.,.,HIP,Open,,500,4/30/2025 0:00,5/2/2025 0:00,77,1922,5
2024428,862361,WEGMAN,WEGMANS FOOD MARKET HOME OFFICE,WEGMANS FOOD MARKET,Blueberries,DRYPINTX12,OR,.,.,HIP,Open,,864,4/30/2025 0:00,5/2/2025 0:00,77,1922,6
2024429,862363,WEGMAN,WEGMANS FOOD MARKET HOME OFFICE,WEGMANS FOOD MARKET HOME OFFICE,Blueberries,18OZX12,OR,.,.,HIP,Open,,400,4/30/2025 0:00,5/2/2025 0:00,77,1921,4
2024429,862364,WEGMAN,WEGMANS FOOD MARKET HOME OFFICE,WEGMANS FOOD MARKET HOME OFFICE,Blueberries,DRYPINTX12,OR,.,.,HIP,Open,,720,4/30/2025 0:00,5/2/2025 0:00,77,1921,5
2024430,862366,WEGMAN,WEGMANS FOOD MARKET HOME OFFICE,WEGMANS FOOD MARKET,Blueberries,18OZX12,OR,.,.,HIP,Open,,900,5/2/2025 0:00,5/4/2025 0:00,77,1922,9
2024430,862365,WEGMAN,WEGMANS FOOD MARKET HOME OFFICE,WEGMANS FOOD MARKET,Blueberries,DRYPINTX12,OR,.,.,HIP,Open,,864,5/2/2025 0:00,5/4/2025 0:00,77,1922,6
2024431,862367,WEGMAN,WEGMANS FOOD MARKET HOME OFFICE,WEGMANS FOOD MARKET HOME OFFICE,Blueberries,18OZX12,OR,.,.,HIP,Open,,800,5/2/2025 0:00,5/4/2025 0:00,77,1921,8
2024431,862368,WEGMAN,WEGMANS FOOD MARKET HOME OFFICE,WEGMANS FOOD MARKET HOME OFFICE,Blueberries,DRYPINTX12,OR,.,.,HIP,Open,,720,5/2/2025 0:00,5/4/2025 0:00,77,1921,5
2024432,862370,WEGMAN,WEGMANS FOOD MARKET HOME OFFICE,WEGMANS FOOD MARKET,Blueberries,18OZX12,.,SEKO,.,ALP,Open,,1000,5/2/2025 0:00,5/4/2025 0:00,77,1922,10
2024432,862369,WEGMAN,WEGMANS FOOD MARKET HOME OFFICE,WEGMANS FOOD MARKET,Blueberries,DRYPINTX12,.,SEKO,.,ALP,Open,,1152,5/2/2025 0:00,5/4/2025 0:00,77,1922,8
2024433,862371,WEGMAN,WEGMANS FOOD MARKET HOME OFFICE,WEGMANS FOOD MARKET HOME OFFICE,Blueberries,18OZX12,.,SEKO,.,ALP,Open,,900,5/2/2025 0:00,5/4/2025 0:00,77,1921,9
2024433,862372,WEGMAN,WEGMANS FOOD MARKET HOME OFFICE,WEGMANS FOOD MARKET HOME OFFICE,Blueberries,DRYPINTX12,.,SEKO,.,ALP,Open,,1152,5/2/2025 0:00,5/4/2025 0:00,77,1921,8
2024434,862374,WEGMAN,WEGMANS FOOD MARKET HOME OFFICE,WEGMANS FOOD MARKET VIRGINIA,Blueberries,18OZX12,OR,.,.,HIP,Open,,700,5/2/2025 0:00,5/4/2025 0:00,77,1991,7
2024434,862373,WEGMAN,WEGMANS FOOD MARKET HOME OFFICE,WEGMANS FOOD MARKET VIRGINIA,Blueberries,DRYPINTX12,OR,.,.,HIP,Open,,576,5/2/2025 0:00,5/4/2025 0:00,77,1991,4
2024435,862375,WEGMAN,WEGMANS FOOD MARKET HOME OFFICE,WEGMANS FOOD MARKET VIRGINIA,Blueberries,18OZX12,.,SEKO,.,ALP,Open,,500,5/2/2025 0:00,5/4/2025 0:00,77,1991,5
2024435,862376,WEGMAN,WEGMANS FOOD MARKET HOME OFFICE,WEGMANS FOOD MARKET VIRGINIA,Blueberries,DRYPINTX12,.,SEKO,.,ALP,Open,,576,5/2/2025 0:00,5/4/2025 0:00,77,1991,4
2024438,863270,SSCHES,STOP & SHOP CHESTER,STOP & SHOP CHESTER,Blueberries,9.8OZX12,.,.,18+,AJB,Open,3,612,4/30/2025 0:00,5/1/2025 0:00,12,1777,3
2024440,863415,SSCHES,STOP & SHOP CHESTER,STOP & SHOP CHESTER,Blueberries,DRYPINTX12,.,.,.,ALP,Open,14,2016,4/29/2025 0:00,5/1/2025 0:00,77,1777,14
2024441,863417,FRETWN,STOP & SHOP FREETOWN,STOP & SHOP FREETOWN,Blueberries,DRYPINTX12,.,.,.,ALP,Open,14,2016,4/29/2025 0:00,5/1/2025 0:00,77,1339,14
2204300,851979,TA3899,"TARGET RIALTO, CA","TARGET RIALTO, CA",Blueberries,18OZX12,.,.,.,ALP,Open,,200,4/29/2025 0:00,5/1/2025 0:00,2,1814,2
2204300,851978,TA3899,"TARGET RIALTO, CA","TARGET RIALTO, CA",Blueberries,DRYPINTX12,.,.,.,ALP,Open,,432,4/29/2025 0:00,5/1/2025 0:00,2,1814,3
2204300,851977,TA3899,"TARGET RIALTO, CA","TARGET RIALTO, CA",Blueberries,DRYPINTX12,OR,.,.,HIP,Open,,288,4/29/2025 0:00,5/1/2025 0:00,2,1814,2
2204301,852282,TA3899,"TARGET RIALTO, CA","TARGET RIALTO, CA",Blueberries,18OZX12,.,.,.,ALP,Open,,100,4/30/2025 0:00,5/3/2025 0:00,2,1814,1
2204301,852281,TA3899,"TARGET RIALTO, CA","TARGET RIALTO, CA",Blueberries,DRYPINTX12,.,.,.,ALP,Open,,432,4/30/2025 0:00,5/3/2025 0:00,2,1814,3
2204301,852283,TA3899,"TARGET RIALTO, CA","TARGET RIALTO, CA",Blueberries,DRYPINTX12,OR,.,.,HIP,Open,,144,4/30/2025 0:00,5/3/2025 0:00,2,1814,1
2204302,852287,TA3899,"TARGET RIALTO, CA","TARGET RIALTO, CA",Blueberries,18OZX12,.,.,.,ALP,Open,,100,5/2/2025 0:00,5/5/2025 0:00,2,1814,1
2204302,852285,TA3899,"TARGET RIALTO, CA","TARGET RIALTO, CA",Blueberries,DRYPINTX12,.,.,.,ALP,Open,,288,5/2/2025 0:00,5/5/2025 0:00,2,1814,2
2204302,852286,TA3899,"TARGET RIALTO, CA","TARGET RIALTO, CA",Blueberries,DRYPINTX12,OR,.,.,HIP,Open,,144,5/2/2025 0:00,5/5/2025 0:00,2,1814,1
2204402,860106,MCCART,MCCARTNEY PRODUCE HOME OFFICE,MCCARTNEY PRODUCE HOME OFFICE,Blueberries,6OZX12,.,.,.,ALP,Open,,120,4/28/2025 0:00,4/28/2025 0:00,27,1579,0.5
2204402,860105,MCCART,MCCARTNEY PRODUCE HOME OFFICE,MCCARTNEY PRODUCE HOME OFFICE,Blueberries,6OZX6,.,.,.,ALP,Open,,810,4/28/2025 0:00,4/28/2025 0:00,27,1579,2.3
2204405,860922,UNIFRU,UNITED FRUIT & PRODUCE,UNITED FRUIT & PRODUCE,Blueberries,6OZX6,.,.,.,ALP,Open,,1440,4/28/2025 0:00,5/1/2025 0:00,27,1854,4
2204415,862721,TA3880,TARGET WEST JEFFERSON,TARGET WEST JEFFERSON,Blueberries,18OZX12,.,.,.,ALP,Open,,200,4/29/2025 0:00,5/1/2025 0:00,2,1810,2
2204415,862720,TA3880,TARGET WEST JEFFERSON,TARGET WEST JEFFERSON,Blueberries,DRYPINTX12,.,.,.,ALP,Open,,648,4/29/2025 0:00,5/1/2025 0:00,2,1810,4.5
2204425,864190,TA3880,TARGET WEST JEFFERSON,TARGET WEST JEFFERSON,Blueberries,DRYPINTX12,OR,.,.,HIP,Open,,648,4/28/2025 0:00,5/1/2025 0:00,14,1810,4.5
2803971,856545,INGLES,INGLES MARKET,INGLES MARKET,Blueberries,DRYPINTX12,.,.,.,ALP,Open,4,576,4/28/2025 0:00,4/29/2025 0:00,27,1441,4
2804000,860319,TAFATN,TAYLOR FARMS TENNESSE,TAYLOR FARMS TENNESSE,Blueberries,3.6KBULK,.,.,.,ALP,Open,,200,4/24/2025 0:00,4/25/2025 0:00,17,1820,0.8
2804000,860399,TAFATN,TAYLOR FARMS TENNESSE,TAYLOR FARMS TENNESSE,Blueberries,3.6KBULK,.,.,.,ALP,Open,,600,4/24/2025 0:00,4/25/2025 0:00,17,1820,2.5
2804001,860323,TAFATN,TAYLOR FARMS TENNESSE,TAYLOR FARMS TENNESSE,Blueberries,3.6KBULK,.,.,.,ALP,Open,,2000,4/29/2025 0:00,5/1/2025 0:00,77,1820,8.3
2804001,860324,TAFATN,TAYLOR FARMS TENNESSE,TAYLOR FARMS TENNESSE,Blueberries,3.6KBULK,.,.,.,ALP,Open,,800,4/29/2025 0:00,5/1/2025 0:00,77,1820,3.3
2804020,860520,SUPEWE,Superior Sales West inc.,Superior Sales West inc.,Blueberries,DRYPINTX12,.,.,.,ALP,Open,,288,4/29/2025 0:00,4/29/2025 0:00,2,1796,2
2904090,859289,CAPPRO,CAPITOL CITY PRODUCE,CAPITOL CITY PRODUCE,Blueberries,DRYPINTX12,.,.,.,ALP,Open,,4080,5/1/2025 0:00,5/3/2025 0:00,77,1159,28.3
2904097,858718,RUSBIL,Russ Davis Wholesale BILLING,Russ Davis Wholesale,Blueberries,6OZX6,.,.,.,ALP,Open,,80,4/23/2025 0:00,4/29/2025 0:00,27,2014,0.2
2904109,860189,TRJOES,Trader Joes Company,TRADER JOES DAYTONA,Blueberries,18OZX12,OR,.,.,HIP,Open,,200,4/28/2025 0:00,4/30/2025 0:00,14,2071,2
2904109,860190,TRJOES,Trader Joes Company,TRADER JOES DAYTONA,Blueberries,DRYPINTX12,OR,.,.,HIP,Open,,288,4/28/2025 0:00,4/30/2025 0:00,14,2071,2
2904110,860192,TRJOES,Trader Joes Company,TRADER JOES DAYTONA,Blueberries,18OZX12,OR,.,.,HIP,Open,,200,4/30/2025 0:00,5/2/2025 0:00,77,2071,2
2904110,860191,TRJOES,Trader Joes Company,TRADER JOES DAYTONA,Blueberries,DRYPINTX12,OR,.,.,HIP,Open,,288,4/30/2025 0:00,5/2/2025 0:00,77,2071,2
2904122,860366,RUSBIL,Russ Davis Wholesale BILLING,Russ Davis Wholesale,Blueberries,6OZX6,.,.,.,ALP,Open,,60,4/28/2025 0:00,5/3/2025 0:00,27,2014,0.2
2904126,861241,ALBSHA,SHAWS SUPERMARKETS,SHAWS SUPERMARKETS,Blueberries,18OZX8,.,.,.,ALP,Open,,432,5/1/2025 0:00,5/4/2025 0:00,77,1029,3
2904126,861242,ALBSHA,SHAWS SUPERMARKETS,SHAWS SUPERMARKETS,Blueberries,DRYPINTX12,.,.,.,ALP,Open,,720,5/1/2025 0:00,5/4/2025 0:00,77,1029,5
2904130,861127,MARBIL,Markon Cooperative inc,BEN E KEITH AMARILLO,Blueberries,6OZX12,.,.,.,ALP,Open,,24,5/2/2025 0:00,5/4/2025 0:00,2,2004,0.1
2904131,861131,MARBIL,Markon Cooperative inc,Shamrock Foods Denver,Blueberries,6OZX12,.,.,.,ALP,Open,,420,4/28/2025 0:00,4/30/2025 0:00,2,1988,1.8
2904132,862401,FRPODA,"FreshPoint Dallas, Inc.","FreshPoint Dallas, Inc.",Blueberries,DRYPINTX12,.,.,.,ALP,Open,2,288,4/28/2025 0:00,4/30/2025 0:00,2,1344,2
2904137,861556,UNISUB,UNITED SUPERMARKETS,UNITED SUPERMARKETS,Blueberries,18OZX8,.,.,.,ALP,Open,,432,4/29/2025 0:00,5/2/2025 0:00,77,1857,3
2904137,861558,UNISUB,UNITED SUPERMARKETS,UNITED SUPERMARKETS,Blueberries,18OZX8,OR,.,.,HIP,Open,,288,4/29/2025 0:00,5/2/2025 0:00,77,1857,2
2904137,861557,UNISUB,UNITED SUPERMARKETS,UNITED SUPERMARKETS,Blueberries,DRYPINTX12,.,.,.,ALP,Open,,864,4/29/2025 0:00,5/2/2025 0:00,77,1857,6
2904138,861562,UNISUB,UNITED SUPERMARKETS,UNITED SUPERMARKETS,Blueberries,18OZX8,.,.,.,ALP,Open,,432,4/30/2025 0:00,5/4/2025 0:00,77,1857,3
2904138,861561,UNISUB,UNITED SUPERMARKETS,UNITED SUPERMARKETS,Blueberries,18OZX8,OR,.,.,HIP,Open,,288,4/30/2025 0:00,5/4/2025 0:00,77,1857,2
2904138,861560,UNISUB,UNITED SUPERMARKETS,UNITED SUPERMARKETS,Blueberries,DRYPINTX12,.,.,.,ALP,Open,,864,4/30/2025 0:00,5/4/2025 0:00,77,1857,6
2904142,862004,COLLBI,ANTHONY MARANO ATLANTA BILLING,ANTHONY MARANO ATLANTA,Blueberries,6OZX6,.,.,.,ALP,Open,,360,4/29/2025 0:00,5/1/2025 0:00,77,1209,1
2904144,862076,CAPPRO,CAPITOL CITY PRODUCE,CAPITOL CITY PRODUCE,Blueberries,6OZX12,.,.,.,ALP,Open,3,720,4/29/2025 0:00,4/30/2025 0:00,2,1159,3
2904147,863731,UNISUB,UNITED SUPERMARKETS,UNITED SUPERMARKETS,Blueberries,9.8OZX12,.,SEKO,18+,AJB,Open,,288,4/30/2025 0:00,5/2/2025 0:00,2,1857,1.4
2904148,863734,UNISUB,UNITED SUPERMARKETS,UNITED SUPERMARKETS,Blueberries,9.8OZX12,.,SEKO,18+,AJB,Open,,432,5/2/2025 0:00,5/4/2025 0:00,2,1857,2.1
2904150,863769,CAPPRO,CAPITOL CITY PRODUCE,CAPITOL CITY PRODUCE,Blueberries,6OZX12,.,.,.,ALP,Open,1,240,4/30/2025 0:00,5/1/2025 0:00,2,1159,1
2904152,863032,CAPPRO,CAPITOL CITY PRODUCE,CAPITOL CITY PRODUCE,Blueberries,6OZX12,.,.,.,ALP,Open,2,480,4/30/2025 0:00,5/2/2025 0:00,2,1159,2
